<!DOCTYPE mapper
        PUBLIC "-//mybatis.org//DTD Mapper 3.0//EN"
        "http://mybatis.org/dtd/mybatis-3-mapper.dtd">
<mapper namespace="dao.TeacherMapper">
    <select id="getTeacher" resultMap="TeacherAllStudent">
        select t.id,t.name,s.sid,s.sname,s.tid
        from mybatis_demo.teacher t,mybatis_demo.students s where t.id = s.tid
    </select>
    <resultMap id="TeacherAllStudent" type="entity.Teacher">
        <result property="id" column="id"/>
        <result property="name" column="name"/>
        <collection property="student" ofType="entity.Student">
            <result property="sid" column="sid"/>
            <result property="sname" column="sname"/>
            <result property="tid" column="tid"/>
        </collection>
    </resultMap>

</mapper>