<?xml version="1.0" encoding="UTF-8" ?>
<!DOCTYPE mapper
        PUBLIC "-//mybatis.org//DTD Mapper 3.0//EN"
        "http://mybatis.org/dtd/mybatis-3-mapper.dtd">
<mapper namespace="dao.userMapper">
    <!--id属性是命名空间唯一标识符，resultType是返回类型
    resultType是sql映射文件中定义返回值类型，返回值有基本类型，对象类型，List类型，Map类型等-->
    <!--根据查询所有的用户数据 -->
    <select id="getAllUser" resultType="user">
        select *
        from mybatis_demo.user;
    </select>
    <!-- 插入-->
    <!-- 对象中的属性可以直接使用，增删改需要提交事务，不然不会生效       -->
    <insert id="addUser" parameterType="entity.User">
        insert into mybatis_demo.user(name, pwd)
        values (#{name}, #{pwd})
    </insert>

    <update id="updateUser" parameterType="entity.User">
        update mybatis_demo.user
        set name = #{name},
            pwd=#{pwd}
        where id = #{id}
    </update>
        
    <delete id="deleteUser" parameterType="int" >
            delete  from mybatis_demo.user where id=#{id}
    </delete>
</mapper>