<?xml version="1.0" encoding="UTF-8" ?>
<!DOCTYPE mapper
        PUBLIC "-//mybatis.org//DTD Mapper 3.0//EN"
        "http://mybatis.org/dtd/mybatis-3-mapper.dtd">
<mapper namespace="dao.userMapper">
    <!--id属性是命名空间唯一标识符，resultType是返回类型
    resultType是sql映射文件中定义返回值类型，返回值有基本类型，对象类型，List类型，Map类型等-->
    <!--根据查询所有的用户数据 -->
<!--    因为mybatais对应的实体类中找不到password属性，所以查询出来的password是空-->
<!--    需要使用ResultMap进行映射-->
<!--    id是resultMap的标识，type是对应的实体类-->
    <resultMap id="user" type="entity.User">
<!--        如果数据库表中字段名与实体类属性名不一致，需要映射，相同的不需要映射-->
<!--        property属性名，column字段名-->
        <result property="password" column="pwd"/>
    </resultMap>
<!--    如果使用resultMap,就不需要再写resultType-->
    <select id="getAllUser" resultMap="user">
        select *
        from mybatis_demo.user;
    </select>
<!--    分页查询，使用limit-->
<!--    id是UesrMapper中的方法,-->
    <select id="getUserByLimit" resultMap="user">
        select *
        from mybatis_demo.user limit #{startIndex},#{pageSize}
    </select>
<!--    分页的第二种方法，rowBounds-->
    <select id="getUserByRowBounds" resultMap="user">
        select *
        from mybatis_demo.user;
    </select>
</mapper>