<?xml version="1.0" encoding="UTF-8" ?>
<!DOCTYPE configuration
        PUBLIC "-//mybatis.org//DTD Config 3.0//EN"
        "http://mybatis.org/dtd/mybatis-3-config.dtd">
<configuration>
    <properties resource="database.properties"></properties>
    <settings>
<!--        <setting name="logImpl" value="LOG4J"/>-->
        <setting name="logImpl" value="STDOUT_LOGGING"/>
<!--        指定发现自动映射目标未知列（或未知属性类型）的行为。-->
        <setting name="autoMappingUnknownColumnBehavior" value="WARNING"/>
<!--        是否开启驼峰命名自动映射，即从经典数据库列名 A_COLUMN 映射到经典 Java 属性名 aColumn。-->
        <setting name="mapUnderscoreToCamelCase" value="true"/>


    </settings>
<!--    <typeAliases>-->
<!--        <typeAlias type="entity.User" alias="user"/>-->
<!--    </typeAliases>-->
    <environments default="development">
        <environment id="development">
            <transactionManager type="JDBC"/>
            <dataSource type="POOLED">
                <property name="driver" value="${driver}"/>
                <property name="url" value="${url}"/>
                <property name="username" value="${username}"/>
                <property name="password" value="${password}"/>
            </dataSource>
        </environment>
    </environments>
<!--    使用注解，同样需要绑定接口-->
    <mappers>
<!--        <mapper resource="dao/BlogMapper.xml"/>-->
        <mapper class="dao.BlogMapper"/>
    </mappers>
</configuration>