<?xml version="1.0" encoding="UTF-8" ?>
<!DOCTYPE mapper
        PUBLIC "-//mybatis.org//DTD Mapper 3.0//EN"
        "http://mybatis.org/dtd/mybatis-3-mapper.dtd">
<mapper namespace="dao.userDao">
    <!--id属性是命名空间唯一标识符，resultType是返回类型
    resultType是sql映射文件中定义返回值类型，返回值有基本类型，对象类型，List类型，Map类型等-->
    <!--根据用户id查询数据 -->
    <select id="getUserById" parameterType="int" resultType="entity.User">
        select *
        from mybatis_demo.user
        where id = #{id}
    </select>
    <!--根据查询所有的用户数据 -->
    <select id="getAllUser" resultType="entity.User">
        select *
        from mybatis_demo.user;
    </select>
    <!-- 插入-->
    <!-- 对象中的属性可以直接使用，增删改需要提交事务，不然不会生效       -->
    <insert id="addUser" parameterType="entity.User">
        insert into mybatis_demo.user(name, pwd)
        values (#{name}, #{pwd})
    </insert>

    <update id="updateUser" parameterType="entity.User">
        update mybatis_demo.user
        set name = #{name},
            pwd=#{pwd}
        where id = #{id}
    </update>
        
    <delete id="deleteUser" parameterType="int" >
            delete  from mybatis_demo.user where id=#{id}
    </delete>
<!--    模糊查询,id等于接口中方法名字,concat连接符,resultType，查询语句返回结果类型的安全限定名或者别名-->
    <select id="findUserByLike" parameterType="String" resultType="entity.User">
        select *
        from mybatis_demo.user where name like CONCAT('%',#{name},'%')
    </select>
<!--    多条件查询，但是在实际应用中，数据类型会有多种条件，结果也会有各种类型
    创建对象，可能多个参数只需要查询或者插入一条数据，那么就需要使用Mapper键值对
-->
    <select id="findByMultipleParameter" parameterType="entity.User" resultType="entity.User">
        select *
        from mybatis_demo.user where name = #{name} and pwd = #{pwd}
    </select>
<!--    使用Map来传递多个参数-->
<!--    MyBatis传入的参数类型可以使Java的记住数据类型，但是只适用于一个参数情况，使用#{参数名}获取传入的值
        如果使用多个参数入参，则需要使用复杂的数据类型来支持，包括Java实体类，Map，通过#{属性名}或者#{Map中的key}获取
-->
    <select id="findByMapper" resultType="entity.User" parameterType="Map">
        select *
        from mybatis_demo.user where name like concat('%',#{name},'%') and pwd = #{passwd}
    </select>
<!--    自定义查询的结果映射-->
<!--    1.修改pojoJava文件，增加属性，修改查询用户的sql语句-->
<!--    2.通过resultMap映射自定义结果。使用resultMap做自动映射，要注意字段名和pojo的属性名必须一致
        若不一致则需要给字段起别名
        MyBatis 的真正强大在于它的语句映射，这是它的魔力所在。由于它的异常强大，映射器的 XML 文件就显得相对简单。
        如果拿它跟具有相同功能的 JDBC 代码进行对比，你会立即发现省掉了将近 95% 的代码。
        MyBatis 致力于减少使用成本，让用户能更专注于 SQL 代码。
  -->
</mapper>