<?xml version="1.0" encoding="UTF-8" ?>
<!DOCTYPE configuration
        PUBLIC "-//mybatis.org//DTD Config 3.0//EN"
        "http://mybatis.org/dtd/mybatis-3-config.dtd">
<!--configuration核心配置文件 -->
<configuration>
    <!--引入database.properties文件 -->
    <properties resource="database.properties"></properties>
    <settings>
        <!--设置log4j -->
        <setting name="logImpl" value="Log4j"/>
    </settings>
     <environments default="development">
         <environment id="development">
             <transactionManager type="JDBC"/>
             <dataSource type="POOLED">
                 <property name="driver" value="${driver}"/>
                 <property name="url" value="${url}"/>
                 <property name="username" value="${username}"/>
                 <property name="password" value="${password}"/>
             </dataSource>
         </environment>
     </environments>
    <!-- mappersL:作用告诉mybatis去哪里找sql映射文件。整个项目可以有一个或多个sql映射文件-->
     <mappers>
         <!-- 每个Mapper.xml都需要在核心配置文件中配置-->
         <!-- 所有的路径是以/结尾-->
         <mapper resource="dao/UserMapper.xml"/>
         <mapper resource="dao/ProviderMapper.xml"/>
     </mappers>

 </configuration>