<!DOCTYPE mapper
        PUBLIC "-//mybatis.org//DTD Config 3.0//EN"
        "http://mybatis.org/dtd/mybatis-3-mapper.dtd">
<mapper namespace="dao.BlogMapper">
    <select id="queryBlogIf" resultType="entity.Blog" parameterType="map">
        select *
        from mybatis_demo.blog where 1=1
#  if标签中，test是判断条件
        <if test="title !=null">
        and title=#{title}
        </if>
        <if test="author !=null">
            and author = #{author}
        </if>
    </select>

<!--    mybatis中choose相当于Java中switch。-->
<!--    where标签可以去除当查询条件中第一个条件不满足导致的where  and 语句发生。-->
    <select id="queryBlogChoose" resultType="entity.Blog" parameterType="map">

        select  * from mybatis_demo.blog
    <where>
        <choose>
            <when test="title !=null">
                title =#{title}
            </when>
            <when test="author !=null">
                and author =#{author}
            </when>
            <otherwise>
                and views =999
            </otherwise>
        </choose>
    </where>
    </select>

<!--  set用法，增加set语句和 去除逗号   -->
    <update id="updateBlog" parameterType="entity.Blog">
        update mybatis_demo.blog
        <set>
            <if test="title !=null">
                title =#{title},
            </if>
            <if test="author !=null">
                author = #{author},
            </if>
        </set>
        where id = #{id}
    </update>
</mapper>