<!DOCTYPE mapper
        PUBLIC "-//mybatis.org//DTD Mapper 3.0//EN"
        "http://mybatis.org/dtd/mybatis-3-mapper.dtd">
<mapper namespace="dao.StudentMapper">
    <select id="allStudent" resultMap="getStudent">
        select * from mybatis_demo.students s,mybatis_demo.teacher t
        where s.tid = t.id
    </select>
    <resultMap id="getStudent" type="entity.Student">
        <result property="sid" column="sid"/>
        <result property="sname" column="sname"/>
        <result property="tid" column="tid"/>
    <!--association 关联多对一        -->
        <association property="teacher" javaType="entity.Teacher">
    <!--property：映射数据库列的实体对象的属性，column：数据库列明或别名            -->
            <result property="id" column="id"/>
            <result property="name" column="name"/>
        </association>
    </resultMap>


    <select id="getAllStudent" resultMap="getStudent2">
        select s.sid,s.sname,t.name
        from mybatis_demo.students s  join mybatis_demo.teacher t on s.tid = t.id;
    </select>
    <resultMap id="getStudent2" type="entity.Student">
        <result property="sid" column="sid"/>
        <result property="sname" column="sname"/>
        <association property="teacher" javaType="entity.Teacher">
            <result property="name" column="name"/>
        </association>
    </resultMap>
<!--    collection元素的作用和association元素作用差不多，collection也是映射到javabean的某个复杂类型属性
    只不过这个属性是一个集合列表。使用collection处理一对多关联关系。
-->

</mapper>