<!DOCTYPE mapper
        PUBLIC "-//mybatis.org//DTD Mapper 3.0//EN"
        "http://mybatis.org/dtd/mybatis-3-mapper.dtd">
<mapper namespace="dao.TeacherMapper">
    <select id="getStudent" resultMap="Teacher_get_Student">
        select t.id,t.name,s.sid,s.sname
        from mybatis_demo.teacher t left join mybatis_demo.students s on t.id = s.tid;
    </select>
    <resultMap id="Teacher_get_Student" type="entity.Teacher">
        <result property="id" column="id"/>
        <result property="name" column="name"/>
        <collection property="student" javaType="entity.Student">
            <result property="sid" column="sid"/>
            <result property="sname" column="sname"/>
            <result property="tid" column="tid"/>
        </collection>
    </resultMap>
</mapper>